File Name,Format,Duration,Sample Rate,Codec,Channels
"audio_0.wav","wav","3.925313","N/A","N/A","N/A"
"audio_1.wav","wav","5.88","N/A","N/A","N/A"
"audio_10.wav","wav","5.52","N/A","N/A","N/A"
"audio_100.wav","wav","1.962688","N/A","N/A","N/A"
"audio_101.wav","wav","2.82","N/A","N/A","N/A"
"audio_102.wav","wav","3","N/A","N/A","N/A"
"audio_103.wav","wav","4.2","N/A","N/A","N/A"
"audio_104.wav","wav","6.54","N/A","N/A","N/A"
"audio_105.wav","wav","3.3","N/A","N/A","N/A"
"audio_106.wav","wav","1.5","N/A","N/A","N/A"
"audio_107.wav","wav","4.14","N/A","N/A","N/A"
"audio_108.wav","wav","2.7","N/A","N/A","N/A"
"audio_109.wav","wav","3.18","N/A","N/A","N/A"
"audio_11.wav","wav","1.962688","N/A","N/A","N/A"
"audio_110.wav","wav","2.837313","N/A","N/A","N/A"
"audio_111.wav","wav","3.48","N/A","N/A","N/A"
"audio_112.wav","wav","3.029313","N/A","N/A","N/A"
"audio_113.wav","wav","2.986688","N/A","N/A","N/A"
"audio_114.wav","wav","2.64","N/A","N/A","N/A"
"audio_115.wav","wav","5.88","N/A","N/A","N/A"
"audio_116.wav","wav","3.904","N/A","N/A","N/A"
"audio_117.wav","wav","3.12","N/A","N/A","N/A"
"audio_118.wav","wav","3.12","N/A","N/A","N/A"
"audio_119.wav","wav","3.754688","N/A","N/A","N/A"
"audio_12.wav","wav","3.3","N/A","N/A","N/A"
"audio_120.wav","wav","3.9","N/A","N/A","N/A"
"audio_121.wav","wav","3.6","N/A","N/A","N/A"
"audio_122.wav","wav","5.16","N/A","N/A","N/A"
"audio_123.wav","wav","4.330688","N/A","N/A","N/A"
"audio_124.wav","wav","2.88","N/A","N/A","N/A"
"audio_125.wav","wav","2.325313","N/A","N/A","N/A"
"audio_126.wav","wav","3.54","N/A","N/A","N/A"
"audio_127.wav","wav","2.773313","N/A","N/A","N/A"
"audio_128.wav","wav","2.773313","N/A","N/A","N/A"
"audio_129.wav","wav","3.24","N/A","N/A","N/A"
"audio_13.wav","wav","2.46","N/A","N/A","N/A"
"audio_130.wav","wav","3.9","N/A","N/A","N/A"
"audio_131.wav","wav","1.86","N/A","N/A","N/A"
"audio_132.wav","wav","4.44","N/A","N/A","N/A"
"audio_133.wav","wav","4.245313","N/A","N/A","N/A"
"audio_134.wav","wav","2.04","N/A","N/A","N/A"
"audio_135.wav","wav","2.24","N/A","N/A","N/A"
"audio_136.wav","wav","2.16","N/A","N/A","N/A"
"audio_137.wav","wav","4.44","N/A","N/A","N/A"
"audio_138.wav","wav","2.325313","N/A","N/A","N/A"
"audio_139.wav","wav","3.136","N/A","N/A","N/A"
"audio_14.wav","wav","2.986688","N/A","N/A","N/A"
"audio_140.wav","wav","2.28","N/A","N/A","N/A"
"audio_141.wav","wav","3.72","N/A","N/A","N/A"
"audio_142.wav","wav","3.84","N/A","N/A","N/A"
"audio_143.wav","wav","1.56","N/A","N/A","N/A"
"audio_144.wav","wav","1.68","N/A","N/A","N/A"
"audio_145.wav","wav","3.72","N/A","N/A","N/A"
"audio_146.wav","wav","3.029313","N/A","N/A","N/A"
"audio_147.wav","wav","4.2","N/A","N/A","N/A"
"audio_148.wav","wav","2.112","N/A","N/A","N/A"
"audio_149.wav","wav","5.1","N/A","N/A","N/A"
"audio_15.wav","wav","2.858688","N/A","N/A","N/A"
"audio_150.wav","wav","1.74","N/A","N/A","N/A"
"audio_151.wav","wav","5.28","N/A","N/A","N/A"
"audio_152.wav","wav","2.069313","N/A","N/A","N/A"
"audio_153.wav","wav","2.88","N/A","N/A","N/A"
"audio_154.wav","wav","3.6","N/A","N/A","N/A"
"audio_155.wav","wav","2.986688","N/A","N/A","N/A"
"audio_156.wav","wav","3.648","N/A","N/A","N/A"
"audio_157.wav","wav","2.24","N/A","N/A","N/A"
"audio_158.wav","wav","2.645313","N/A","N/A","N/A"
"audio_159.wav","wav","4.2","N/A","N/A","N/A"
"audio_16.wav","wav","4.56","N/A","N/A","N/A"
"audio_160.wav","wav","2.16","N/A","N/A","N/A"
"audio_161.wav","wav","1.813313","N/A","N/A","N/A"
"audio_162.wav","wav","4.053313","N/A","N/A","N/A"
"audio_163.wav","wav","1.86","N/A","N/A","N/A"
"audio_164.wav","wav","2.602688","N/A","N/A","N/A"
"audio_165.wav","wav","2.58","N/A","N/A","N/A"
"audio_166.wav","wav","2.986688","N/A","N/A","N/A"
"audio_167.wav","wav","4.38","N/A","N/A","N/A"
"audio_168.wav","wav","3.48","N/A","N/A","N/A"
"audio_169.wav","wav","5.04","N/A","N/A","N/A"
"audio_17.wav","wav","3.12","N/A","N/A","N/A"
"audio_170.wav","wav","2.28","N/A","N/A","N/A"
"audio_171.wav","wav","3.24","N/A","N/A","N/A"
"audio_172.wav","wav","2.837313","N/A","N/A","N/A"
"audio_173.wav","wav","1.86","N/A","N/A","N/A"
"audio_174.wav","wav","6.12","N/A","N/A","N/A"
"audio_175.wav","wav","3.904","N/A","N/A","N/A"
"audio_176.wav","wav","6.72","N/A","N/A","N/A"
"audio_177.wav","wav","4.56","N/A","N/A","N/A"
"audio_178.wav","wav","4.074688","N/A","N/A","N/A"
"audio_179.wav","wav","1.74","N/A","N/A","N/A"
"audio_18.wav","wav","2.7","N/A","N/A","N/A"
"audio_180.wav","wav","3.946688","N/A","N/A","N/A"
"audio_181.wav","wav","3.9","N/A","N/A","N/A"
"audio_182.wav","wav","2.4","N/A","N/A","N/A"
"audio_183.wav","wav","4.26","N/A","N/A","N/A"
"audio_184.wav","wav","3","N/A","N/A","N/A"
"audio_185.wav","wav","1.38","N/A","N/A","N/A"
"audio_186.wav","wav","2.04","N/A","N/A","N/A"
"audio_187.wav","wav","2.28","N/A","N/A","N/A"
"audio_188.wav","wav","2.76","N/A","N/A","N/A"
"audio_189.wav","wav","2.154688","N/A","N/A","N/A"
"audio_19.wav","wav","3.78","N/A","N/A","N/A"
"audio_190.wav","wav","5.16","N/A","N/A","N/A"
"audio_191.wav","wav","5.82","N/A","N/A","N/A"
"audio_192.wav","wav","2.4","N/A","N/A","N/A"
"audio_193.wav","wav","2.858688","N/A","N/A","N/A"
"audio_194.wav","wav","3.42","N/A","N/A","N/A"
"audio_195.wav","wav","1.856","N/A","N/A","N/A"
"audio_196.wav","wav","8.4","N/A","N/A","N/A"
"audio_197.wav","wav","5.58","N/A","N/A","N/A"
"audio_198.wav","wav","1.62","N/A","N/A","N/A"
"audio_199.wav","wav","2.410688","N/A","N/A","N/A"
"audio_2.wav","wav","3.6","N/A","N/A","N/A"
"audio_20.wav","wav","3.52","N/A","N/A","N/A"
"audio_200.wav","wav","4.26","N/A","N/A","N/A"
"audio_201.wav","wav","3.24","N/A","N/A","N/A"
"audio_202.wav","wav","3.562688","N/A","N/A","N/A"
"audio_203.wav","wav","5.4","N/A","N/A","N/A"
"audio_204.wav","wav","4.44","N/A","N/A","N/A"
"audio_205.wav","wav","3","N/A","N/A","N/A"
"audio_206.wav","wav","2.794688","N/A","N/A","N/A"
"audio_207.wav","wav","2.22","N/A","N/A","N/A"
"audio_208.wav","wav","3.9","N/A","N/A","N/A"
"audio_209.wav","wav","1.62","N/A","N/A","N/A"
"audio_21.wav","wav","1.8","N/A","N/A","N/A"
"audio_210.wav","wav","1.5","N/A","N/A","N/A"
"audio_211.wav","wav","4.14","N/A","N/A","N/A"
"audio_212.wav","wav","5.28","N/A","N/A","N/A"
"audio_213.wav","wav","2.64","N/A","N/A","N/A"
"audio_214.wav","wav","6.336","N/A","N/A","N/A"
"audio_215.wav","wav","4.138688","N/A","N/A","N/A"
"audio_216.wav","wav","8.34","N/A","N/A","N/A"
"audio_217.wav","wav","4.08","N/A","N/A","N/A"
"audio_218.wav","wav","3.18","N/A","N/A","N/A"
"audio_219.wav","wav","5.34","N/A","N/A","N/A"
"audio_22.wav","wav","2.94","N/A","N/A","N/A"
"audio_220.wav","wav","1.706688","N/A","N/A","N/A"
"audio_221.wav","wav","3.242688","N/A","N/A","N/A"
"audio_222.wav","wav","2.76","N/A","N/A","N/A"
"audio_223.wav","wav","5.1","N/A","N/A","N/A"
"audio_224.wav","wav","4.458688","N/A","N/A","N/A"
"audio_225.wav","wav","5.04","N/A","N/A","N/A"
"audio_226.wav","wav","3.66","N/A","N/A","N/A"
"audio_227.wav","wav","3.18","N/A","N/A","N/A"
"audio_228.wav","wav","3.925313","N/A","N/A","N/A"
"audio_229.wav","wav","2.496","N/A","N/A","N/A"
"audio_23.wav","wav","3.42","N/A","N/A","N/A"
"audio_230.wav","wav","1.728","N/A","N/A","N/A"
"audio_231.wav","wav","4.26","N/A","N/A","N/A"
"audio_232.wav","wav","2.645313","N/A","N/A","N/A"
"audio_233.wav","wav","3.3","N/A","N/A","N/A"
"audio_234.wav","wav","3.925313","N/A","N/A","N/A"
"audio_235.wav","wav","2.46","N/A","N/A","N/A"
"audio_236.wav","wav","2.709313","N/A","N/A","N/A"
"audio_237.wav","wav","3.989313","N/A","N/A","N/A"
"audio_238.wav","wav","4.650688","N/A","N/A","N/A"
"audio_239.wav","wav","4.010688","N/A","N/A","N/A"
"audio_24.wav","wav","2.368","N/A","N/A","N/A"
"audio_240.wav","wav","4.56","N/A","N/A","N/A"
"audio_241.wav","wav","1.749313","N/A","N/A","N/A"
"audio_242.wav","wav","3","N/A","N/A","N/A"
"audio_243.wav","wav","2.76","N/A","N/A","N/A"
"audio_244.wav","wav","3.48","N/A","N/A","N/A"
"audio_245.wav","wav","4.32","N/A","N/A","N/A"
"audio_246.wav","wav","8.58","N/A","N/A","N/A"
"audio_247.wav","wav","2.709313","N/A","N/A","N/A"
"audio_248.wav","wav","2.346688","N/A","N/A","N/A"
"audio_249.wav","wav","3.66","N/A","N/A","N/A"
"audio_25.wav","wav","1.98","N/A","N/A","N/A"
"audio_250.wav","wav","2.026688","N/A","N/A","N/A"
"audio_251.wav","wav","2.34","N/A","N/A","N/A"
"audio_252.wav","wav","2.773313","N/A","N/A","N/A"
"audio_253.wav","wav","4.26","N/A","N/A","N/A"
"audio_254.wav","wav","3.24","N/A","N/A","N/A"
"audio_255.wav","wav","5.397313","N/A","N/A","N/A"
"audio_256.wav","wav","2.581313","N/A","N/A","N/A"
"audio_257.wav","wav","2.82","N/A","N/A","N/A"
"audio_258.wav","wav","2.965313","N/A","N/A","N/A"
"audio_259.wav","wav","3.96","N/A","N/A","N/A"
"audio_26.wav","wav","4.5","N/A","N/A","N/A"
"audio_260.wav","wav","4.053313","N/A","N/A","N/A"
"audio_261.wav","wav","2.773313","N/A","N/A","N/A"
"audio_262.wav","wav","4.32","N/A","N/A","N/A"
"audio_263.wav","wav","1.941313","N/A","N/A","N/A"
"audio_264.wav","wav","4.32","N/A","N/A","N/A"
"audio_265.wav","wav","5.4","N/A","N/A","N/A"
"audio_266.wav","wav","6.18","N/A","N/A","N/A"
"audio_267.wav","wav","3.6","N/A","N/A","N/A"
"audio_268.wav","wav","2.04","N/A","N/A","N/A"
"audio_269.wav","wav","3.24","N/A","N/A","N/A"
"audio_27.wav","wav","6.72","N/A","N/A","N/A"
"audio_270.wav","wav","2.94","N/A","N/A","N/A"
"audio_271.wav","wav","3.42","N/A","N/A","N/A"
"audio_272.wav","wav","4.053313","N/A","N/A","N/A"
"audio_273.wav","wav","1.813313","N/A","N/A","N/A"
"audio_28.wav","wav","3.42","N/A","N/A","N/A"
"audio_29.wav","wav","2.133313","N/A","N/A","N/A"
"audio_3.wav","wav","3.84","N/A","N/A","N/A"
"audio_30.wav","wav","6.06","N/A","N/A","N/A"
"audio_31.wav","wav","2.261313","N/A","N/A","N/A"
"audio_32.wav","wav","1.38","N/A","N/A","N/A"
"audio_33.wav","wav","1.984","N/A","N/A","N/A"
"audio_34.wav","wav","2.816","N/A","N/A","N/A"
"audio_35.wav","wav","3.541313","N/A","N/A","N/A"
"audio_36.wav","wav","2.005313","N/A","N/A","N/A"
"audio_37.wav","wav","4.32","N/A","N/A","N/A"
"audio_38.wav","wav","3.78","N/A","N/A","N/A"
"audio_39.wav","wav","8.28","N/A","N/A","N/A"
"audio_4.wav","wav","6.78","N/A","N/A","N/A"
"audio_40.wav","wav","1.86","N/A","N/A","N/A"
"audio_41.wav","wav","4.32","N/A","N/A","N/A"
"audio_42.wav","wav","3.456","N/A","N/A","N/A"
"audio_43.wav","wav","2.28","N/A","N/A","N/A"
"audio_44.wav","wav","2.794688","N/A","N/A","N/A"
"audio_45.wav","wav","2.88","N/A","N/A","N/A"
"audio_46.wav","wav","2.94","N/A","N/A","N/A"
"audio_47.wav","wav","3","N/A","N/A","N/A"
"audio_48.wav","wav","5.04","N/A","N/A","N/A"
"audio_49.wav","wav","2.88","N/A","N/A","N/A"
"audio_5.wav","wav","2.816","N/A","N/A","N/A"
"audio_50.wav","wav","1.5","N/A","N/A","N/A"
"audio_51.wav","wav","3.06","N/A","N/A","N/A"
"audio_52.wav","wav","3.96","N/A","N/A","N/A"
"audio_53.wav","wav","2.922688","N/A","N/A","N/A"
"audio_54.wav","wav","1.98","N/A","N/A","N/A"
"audio_55.wav","wav","4.14","N/A","N/A","N/A"
"audio_56.wav","wav","3.12","N/A","N/A","N/A"
"audio_57.wav","wav","5.88","N/A","N/A","N/A"
"audio_58.wav","wav","5.781313","N/A","N/A","N/A"
"audio_59.wav","wav","2.76","N/A","N/A","N/A"
"audio_6.wav","wav","1.962688","N/A","N/A","N/A"
"audio_60.wav","wav","1.770688","N/A","N/A","N/A"
"audio_61.wav","wav","3.754688","N/A","N/A","N/A"
"audio_62.wav","wav","3.541313","N/A","N/A","N/A"
"audio_63.wav","wav","3.12","N/A","N/A","N/A"
"audio_64.wav","wav","2.112","N/A","N/A","N/A"
"audio_65.wav","wav","5.4","N/A","N/A","N/A"
"audio_66.wav","wav","1.813313","N/A","N/A","N/A"
"audio_67.wav","wav","4.02","N/A","N/A","N/A"
"audio_68.wav","wav","3.413313","N/A","N/A","N/A"
"audio_69.wav","wav","6.06","N/A","N/A","N/A"
"audio_7.wav","wav","2.624","N/A","N/A","N/A"
"audio_70.wav","wav","2.602688","N/A","N/A","N/A"
"audio_71.wav","wav","2.56","N/A","N/A","N/A"
"audio_72.wav","wav","5.16","N/A","N/A","N/A"
"audio_73.wav","wav","2.474688","N/A","N/A","N/A"
"audio_74.wav","wav","3.06","N/A","N/A","N/A"
"audio_75.wav","wav","6.06","N/A","N/A","N/A"
"audio_76.wav","wav","2.76","N/A","N/A","N/A"
"audio_77.wav","wav","3.72","N/A","N/A","N/A"
"audio_78.wav","wav","3.477313","N/A","N/A","N/A"
"audio_79.wav","wav","2.282688","N/A","N/A","N/A"
"audio_8.wav","wav","5.4","N/A","N/A","N/A"
"audio_80.wav","wav","2.7","N/A","N/A","N/A"
"audio_81.wav","wav","3.221313","N/A","N/A","N/A"
"audio_82.wav","wav","3.477313","N/A","N/A","N/A"
"audio_83.wav","wav","2.645313","N/A","N/A","N/A"
"audio_84.wav","wav","2.04","N/A","N/A","N/A"
"audio_85.wav","wav","2.16","N/A","N/A","N/A"
"audio_86.wav","wav","2.88","N/A","N/A","N/A"
"audio_87.wav","wav","2.76","N/A","N/A","N/A"
"audio_88.wav","wav","5.82","N/A","N/A","N/A"
"audio_89.wav","wav","1.770688","N/A","N/A","N/A"
"audio_9.wav","wav","5.46","N/A","N/A","N/A"
"audio_90.wav","wav","2.04","N/A","N/A","N/A"
"audio_91.wav","wav","4.2","N/A","N/A","N/A"
"audio_92.wav","wav","2.688","N/A","N/A","N/A"
"audio_93.wav","wav","2.453313","N/A","N/A","N/A"
"audio_94.wav","wav","3.24","N/A","N/A","N/A"
"audio_95.wav","wav","5.418688","N/A","N/A","N/A"
"audio_96.wav","wav","1.8","N/A","N/A","N/A"
"audio_97.wav","wav","7.86","N/A","N/A","N/A"
"audio_98.wav","wav","3.84","N/A","N/A","N/A"
"audio_99.wav","wav","5.88","N/A","N/A","N/A"